pair_id,reference_item_id,verification_item_id,label,avg_inlier_descriptor_distance,glcm_distance,glcm_similarity,lbp_similarity,normalized_match_count,ransac_inlier_ratio,reprojection_error,spatial_spread
pair_00000,20260820_140321,20260820_140321_aug00,1,26.321888412017167,0.0317271389067173,0.9682728610932827,0.989545266975871,0.41889483065953653,0.9914893617021276,1.1445548775827155,0.23357849344029094
pair_00001,20260820_140321,20260820_140321_aug01,1,29.994475138121548,0.024809574708342552,0.9751904252916574,0.9908707623294764,0.3458646616541353,0.9836956521739131,0.7704898337210061,0.26297455298481504
pair_00002,20260820_140321,20260820_140321_aug02,1,11.628378378378379,0.045007213950157166,0.9549927860498428,0.9866373516260656,0.8345864661654135,1.0,0.03219755208322057,0.2528930722619407
pair_00003,20260820_140324,20260820_140324_aug00,1,14.5,0.006021530833095312,0.9939784691669047,0.9844264105489188,0.48148148148148145,0.9230769230769231,1.0964956798318777,0.0051207299265811895
pair_00004,20260820_140324,20260820_140324_aug01,1,19.833333333333332,0.2602638006210327,0.7397361993789673,0.917768850797336,0.16666666666666666,1.0,0.6189052479464459,0.0029801234385287145
pair_00005,20260820_140324,20260820_140324_aug02,1,0.0,0.0,1.0,0.9999518164846373,1.0,1.0,2.123708769374724e-14,0.07833859592822365
pair_00006,20260820_140327,20260820_140327_aug00,1,23.699481865284973,0.011365446262061596,0.9886345537379384,0.982509510446733,0.395112016293279,0.9948453608247423,0.9101783668625041,0.16192766984431084
pair_00007,20260820_140327,20260820_140327_aug01,1,24.94396551724138,0.2266310304403305,0.7733689695596695,0.9475158544430751,0.4786150712830957,0.9872340425531915,0.7515547516472089,0.2034724338445812
pair_00008,20260820_140327,20260820_140327_aug02,1,0.39549180327868855,0.00015643271035514772,0.9998435672896449,0.9996570026705175,0.9938900203665988,1.0,2.6114786463867888e-14,0.2285729936860425
pair_00009,20260820_185801,20260820_185801_aug00,1,21.87908496732026,0.014158795587718487,0.9858412044122815,0.9959727434884101,0.5873320537428023,1.0,0.820312215270712,0.41266753915580917
pair_00010,20260820_185801,20260820_185801_aug01,1,27.958333333333332,0.048608385026454926,0.9513916149735451,0.9906159284883147,0.2802303262955854,0.9863013698630136,0.8175359151152003,0.36436127798515366
pair_00011,20260820_185801,20260820_185801_aug02,1,5.945454545454545,0.007033381145447493,0.9929666188545525,0.9921715790705664,0.9500959692898272,1.0,0.018041004876513007,0.4327453741279895
pair_00012,20260820_185812,20260820_185812_aug00,1,18.876543209876544,0.007973565720021725,0.9920264342799783,0.9918260239533561,0.5225806451612903,1.0,0.8865789690272943,0.31029908385826266
pair_00013,20260820_185812,20260820_185812_aug01,1,19.964912280701753,0.02695554494857788,0.9730444550514221,0.9931520308617275,0.36774193548387096,1.0,0.9280099604897465,0.4164327867934481
pair_00014,20260820_185812,20260820_185812_aug02,1,0.025806451612903226,0.0002010812604567036,0.9997989187395433,0.9997224406281398,1.0,1.0,4.643701129518794e-14,0.44316498566563234
pair_00015,20260820_185831,20260820_185831_aug00,1,23.453416149068325,0.023683883249759674,0.9763161167502403,0.9893950907154652,0.3744186046511628,1.0,1.0757132657042712,0.3198688457827089
pair_00016,20260820_185831,20260820_185831_aug01,1,22.659574468085108,0.2880071997642517,0.7119928002357483,0.8972249732518197,0.2064516129032258,0.9791666666666666,0.7896906064361782,0.277385170638655
pair_00017,20260820_185831,20260820_185831_aug02,1,0.5284360189573459,0.0022487202659249306,0.9977512797340751,0.9985582005649315,0.9813953488372092,1.0,0.008453904766446895,0.3940271294643988
pair_00018,20260820_185833,20260820_185833_aug00,1,20.054054054054053,0.017953544855117798,0.9820464551448822,0.9848497219410568,0.5138888888888888,1.0,1.1214167735664282,0.132754317991286
pair_00019,20260820_185833,20260820_185833_aug01,1,14.714285714285714,0.023161597549915314,0.9768384024500847,0.9824001543461609,0.5972222222222222,0.9767441860465116,0.8538314411123524,0.24959686870695166
pair_00020,20260820_185833,20260820_185833_aug02,1,5.1692307692307695,0.017751850187778473,0.9822481498122215,0.9907587333096872,0.9027777777777778,1.0,1.0964762273929613e-14,0.235647776000965
pair_00021,20260820_185844,20260820_185844_aug00,1,20.58695652173913,0.013763917610049248,0.9862360823899508,0.9946288292311262,0.2883435582822086,0.9787234042553191,0.8539769700819243,0.19287217196724124
pair_00022,20260820_185844,20260820_185844_aug01,1,19.646153846153847,0.06085287034511566,0.9391471296548843,0.976520093250456,0.4024390243902439,0.9848484848484849,0.7636476131906624,0.24477820011249296
pair_00023,20260820_185844,20260820_185844_aug02,1,9.207692307692307,0.04284685477614403,0.957153145223856,0.9735377981088602,0.87248322147651,1.0,0.03151327090955541,0.2924444741484646
pair_00024,20260820_140321,20260820_140324,0,256.0,0.3387812376022339,0.6612187623977661,0.9303886693651376,0.0,0.0,100.0,0.0
pair_00025,20260820_140321_aug00,20260820_140324,0,256.0,0.36193811893463135,0.6380618810653687,0.9231436696417448,0.0,0.0,100.0,0.0
pair_00026,20260820_140321,20260820_140327,0,42.6551724137931,0.2988116145133972,0.7011883854866028,0.9179108176899766,0.05827067669172932,0.9354838709677419,1.131382580084845,0.07073108608856461
pair_00027,20260820_140321_aug00,20260820_140327,0,40.766666666666666,0.27527961134910583,0.7247203886508942,0.9271332501267835,0.0570409982174688,0.9375,1.1410829505335458,0.08188140211169516
pair_00028,20260820_140321,20260820_185801,0,256.0,0.22848398983478546,0.7715160101652145,0.8977811839171701,0.009398496240601503,0.0,100.0,0.0
pair_00029,20260820_140321_aug00,20260820_185801,0,256.0,0.24628406763076782,0.7537159323692322,0.8813496805895717,0.0,0.0,100.0,0.0
pair_00030,20260820_140321,20260820_185812,0,256.0,0.37035390734672546,0.6296460926532745,0.8741984464318402,0.0,0.0,100.0,0.0
pair_00031,20260820_140321_aug00,20260820_185812,0,256.0,0.38831454515457153,0.6116854548454285,0.8550144160186413,0.0,0.0,100.0,0.0
pair_00032,20260820_140321,20260820_185831,0,256.0,0.21435102820396423,0.7856489717960358,0.9390728009807547,0.0,0.0,100.0,0.0
pair_00033,20260820_140321_aug00,20260820_185831,0,256.0,0.18898673355579376,0.8110132664442062,0.9431822940264912,0.0,0.0,100.0,0.0
pair_00034,20260820_140321,20260820_185833,0,256.0,0.22445498406887054,0.7755450159311295,0.9598767484975833,0.0,0.0,100.0,0.0
pair_00035,20260820_140321_aug00,20260820_185833,0,256.0,0.2076515555381775,0.7923484444618225,0.9571790297470263,0.0,0.0,100.0,0.0
pair_00036,20260820_140321,20260820_185844,0,256.0,0.23592005670070648,0.7640799432992935,0.9060235284563701,0.0,0.0,100.0,0.0
pair_00037,20260820_140321_aug00,20260820_185844,0,256.0,0.2530566155910492,0.7469433844089508,0.8904866174675692,0.0,0.0,100.0,0.0
pair_00038,20260820_140324,20260820_140327,0,256.0,0.525646984577179,0.47435301542282104,0.8513836294044175,0.0,0.0,100.0,0.0
pair_00039,20260820_140324_aug00,20260820_140327,0,256.0,0.5273340344429016,0.4726659655570984,0.851807110002116,0.0,0.0,100.0,0.0
pair_00040,20260820_140324,20260820_185801,0,256.0,0.3319877088069916,0.6680122911930084,0.9064085620900159,0.0,0.0,100.0,0.0
pair_00041,20260820_140324_aug00,20260820_185801,0,256.0,0.32787182927131653,0.6721281707286835,0.9128546571218413,0.0,0.0,100.0,0.0
pair_00042,20260820_140324,20260820_185812,0,256.0,0.25868716835975647,0.7413128316402435,0.8903199617158262,0.0,0.0,100.0,0.0
pair_00043,20260820_140324_aug00,20260820_185812,0,256.0,0.25553691387176514,0.7444630861282349,0.895493962195499,0.0,0.0,100.0,0.0
pair_00044,20260820_140324,20260820_185831,0,256.0,0.4578104019165039,0.5421895980834961,0.9338938178902492,0.0,0.0,100.0,0.0
pair_00045,20260820_140324_aug00,20260820_185831,0,256.0,0.46055445075035095,0.539445549249649,0.9339395718337395,0.0,0.0,100.0,0.0
pair_00046,20260820_140324,20260820_185833,0,256.0,0.3125150501728058,0.6874849498271942,0.9468912446281714,0.0,0.0,100.0,0.0
pair_00047,20260820_140324_aug00,20260820_185833,0,256.0,0.31621474027633667,0.6837852597236633,0.9476093545944304,0.0,0.0,100.0,0.0
pair_00048,20260820_140324,20260820_185844,0,256.0,0.33736512064933777,0.6626348793506622,0.8991455020604047,0.0,0.0,100.0,0.0
pair_00049,20260820_140324_aug00,20260820_185844,0,256.0,0.3336934745311737,0.6663065254688263,0.9041962161965876,0.0,0.0,100.0,0.0
pair_00050,20260820_140327,20260820_185801,0,256.0,0.34174835681915283,0.6582516431808472,0.7852712689113848,0.0,0.0,100.0,0.0
pair_00051,20260820_140327_aug00,20260820_185801,0,256.0,0.3463805019855499,0.6536194980144501,0.7762788400597007,0.0,0.0,100.0,0.0
pair_00052,20260820_140327,20260820_185812,0,256.0,0.47570568323135376,0.5242943167686462,0.7356911697537376,0.0,0.0,100.0,0.0
pair_00053,20260820_140327_aug00,20260820_185812,0,256.0,0.4788161516189575,0.5211838483810425,0.7244527718988132,0.0,0.0,100.0,0.0
pair_00054,20260820_140327,20260820_185831,0,256.0,0.12591244280338287,0.8740875571966171,0.9200719603001806,0.0,0.0,100.0,0.0
pair_00055,20260820_140327_aug00,20260820_185831,0,256.0,0.13423992693424225,0.8657600730657578,0.9383325868042258,0.0,0.0,100.0,0.0
pair_00056,20260820_140327,20260820_185833,0,256.0,0.3061918318271637,0.6938081681728363,0.9202354019352172,0.0,0.0,100.0,0.0
pair_00057,20260820_140327_aug00,20260820_185833,0,256.0,0.3126028776168823,0.6873971223831177,0.9256730951155672,0.0,0.0,100.0,0.0
pair_00058,20260820_140327,20260820_185844,0,256.0,0.3730061650276184,0.6269938349723816,0.7608104968652717,0.0,0.0,100.0,0.0
pair_00059,20260820_140327_aug00,20260820_185844,0,256.0,0.3775307238101959,0.6224692761898041,0.751813601815921,0.0,0.0,100.0,0.0
pair_00060,20260820_185801,20260820_185812,0,256.0,0.16202165186405182,0.8379783481359482,0.9718621755411985,0.0,0.0,100.0,0.0
pair_00061,20260820_185801_aug00,20260820_185812,0,256.0,0.14970633387565613,0.8502936661243439,0.9724506940755273,0.0,0.0,100.0,0.0
pair_00062,20260820_185801,20260820_185831,0,256.0,0.293720543384552,0.706279456615448,0.849769896689346,0.0,0.0,100.0,0.0
pair_00063,20260820_185801_aug00,20260820_185831,0,256.0,0.2997334897518158,0.7002665102481842,0.8506455038677228,0.0,0.0,100.0,0.0
pair_00064,20260820_185801,20260820_185833,0,256.0,0.3186725378036499,0.6813274621963501,0.9009420051045895,0.0,0.0,100.0,0.0
pair_00065,20260820_185801_aug00,20260820_185833,0,256.0,0.31285572052001953,0.6871442794799805,0.9008717080188475,0.0,0.0,100.0,0.0
pair_00066,20260820_185801,20260820_185844,0,256.0,0.040441952645778656,0.9595580473542213,0.9427848193464422,0.0,0.0,100.0,0.0
pair_00067,20260820_185801_aug00,20260820_185844,0,256.0,0.039301034063100815,0.9606989659368992,0.9453073512642797,0.0,0.0,100.0,0.0
pair_00068,20260820_185812,20260820_185831,0,256.0,0.4337296187877655,0.5662703812122345,0.8225977504020181,0.0,0.0,100.0,0.0
pair_00069,20260820_185812_aug00,20260820_185831,0,256.0,0.4326803982257843,0.5673196017742157,0.8292253878530009,0.0,0.0,100.0,0.0
pair_00070,20260820_185812,20260820_185833,0,256.0,0.26808544993400574,0.7319145500659943,0.8686248588520147,0.0,0.0,100.0,0.0
pair_00071,20260820_185812_aug00,20260820_185833,0,256.0,0.26692602038383484,0.7330739796161652,0.8739740416546569,0.0,0.0,100.0,0.0
pair_00072,20260820_185812,20260820_185844,0,256.0,0.1488490253686905,0.8511509746313095,0.9592564964102983,0.0,0.0,100.0,0.0
pair_00073,20260820_185812_aug00,20260820_185844,0,256.0,0.14844708144664764,0.8515529185533524,0.9607858117406669,0.0,0.0,100.0,0.0
pair_00074,20260820_185831,20260820_185833,0,256.0,0.20776037871837616,0.7922396212816238,0.9626505299392167,0.0,0.0,100.0,0.0
pair_00075,20260820_185831_aug00,20260820_185833,0,256.0,0.2264285385608673,0.7735714614391327,0.9554930283139784,0.0,0.0,100.0,0.0
pair_00076,20260820_185831,20260820_185844,0,256.0,0.3178946375846863,0.6821053624153137,0.8417384067630957,0.020930232558139535,0.0,100.0,0.0
pair_00077,20260820_185831_aug00,20260820_185844,0,256.0,0.3298846185207367,0.6701153814792633,0.8215999757024975,0.0,0.0,100.0,0.0
pair_00078,20260820_185833,20260820_185844,0,256.0,0.33409368991851807,0.6659063100814819,0.8805876453918633,0.0,0.0,100.0,0.0
pair_00079,20260820_185833_aug00,20260820_185844,0,256.0,0.34599271416664124,0.6540072858333588,0.863580181956877,0.0,0.0,100.0,0.0
